Ref,Val,Package,PosX,PosY,Rot,Side
"BT1","3034","KEYSTONE_3034_1x20mm",125.919378,39.523730,-90.000000,bottom
"BT1","3034","KEYSTONE_3034_1x20mm",195.919378,219.523730,-90.000000,bottom
"BT1","3034","KEYSTONE_3034_1x20mm",125.919378,219.523730,-90.000000,bottom
"BT1","3034","KEYSTONE_3034_1x20mm",195.919378,39.523730,-90.000000,bottom
"BT1","3034","KEYSTONE_3034_1x20mm",266.250668,277.925029,-90.000000,bottom
"BT1","3034","KEYSTONE_3034_1x20mm",126.250668,277.925029,-90.000000,bottom
"BT1","3034","KEYSTONE_3034_1x20mm",265.919378,39.523730,-90.000000,bottom
"BT1","3034","KEYSTONE_3034_1x20mm",195.919378,99.523730,-90.000000,bottom
"BT1","3034","KEYSTONE_3034_1x20mm",55.919378,39.523730,-90.000000,bottom
"BT1","3034","KEYSTONE_3034_1x20mm",125.919378,99.523730,-90.000000,bottom
"BT1","3034","KEYSTONE_3034_1x20mm",196.250668,277.925029,-90.000000,bottom
"BT1","3034","KEYSTONE_3034_1x20mm",265.919378,219.523730,-90.000000,bottom
"BT1","3034","KEYSTONE_3034_1x20mm",125.919378,159.523730,-90.000000,bottom
"BT1","3034","KEYSTONE_3034_1x20mm",56.250668,277.925029,-90.000000,bottom
"BT1","3034","KEYSTONE_3034_1x20mm",55.919378,219.523730,-90.000000,bottom
"BT1","3034","KEYSTONE_3034_1x20mm",55.919378,99.523730,-90.000000,bottom
"BT1","3034","KEYSTONE_3034_1x20mm",265.919378,159.523730,-90.000000,bottom
"BT1","3034","KEYSTONE_3034_1x20mm",195.919378,159.523730,-90.000000,bottom
"BT1","3034","KEYSTONE_3034_1x20mm",265.919378,99.523730,-90.000000,bottom
"BT1","3034","KEYSTONE_3034_1x20mm",55.919378,159.523730,-90.000000,bottom
"C1","2.2uF","C_0603_1608Metric",103.619378,155.423730,90.000000,bottom
"C1","2.2uF","C_0603_1608Metric",243.619378,215.423730,90.000000,bottom
"C1","2.2uF","C_0603_1608Metric",243.950668,273.825029,90.000000,bottom
"C1","2.2uF","C_0603_1608Metric",173.619378,215.423730,90.000000,bottom
"C1","2.2uF","C_0603_1608Metric",33.619378,35.423730,90.000000,bottom
"C1","2.2uF","C_0603_1608Metric",173.619378,155.423730,90.000000,bottom
"C1","2.2uF","C_0603_1608Metric",173.619378,95.423730,90.000000,bottom
"C1","2.2uF","C_0603_1608Metric",103.619378,95.423730,90.000000,bottom
"C1","2.2uF","C_0603_1608Metric",103.619378,35.423730,90.000000,bottom
"C1","2.2uF","C_0603_1608Metric",33.619378,215.423730,90.000000,bottom
"C1","2.2uF","C_0603_1608Metric",103.619378,215.423730,90.000000,bottom
"C1","2.2uF","C_0603_1608Metric",243.619378,95.423730,90.000000,bottom
"C1","2.2uF","C_0603_1608Metric",33.950668,273.825029,90.000000,bottom
"C1","2.2uF","C_0603_1608Metric",243.619378,155.423730,90.000000,bottom
"C1","2.2uF","C_0603_1608Metric",33.619378,95.423730,90.000000,bottom
"C1","2.2uF","C_0603_1608Metric",173.619378,35.423730,90.000000,bottom
"C1","2.2uF","C_0603_1608Metric",103.950668,273.825029,90.000000,bottom
"C1","2.2uF","C_0603_1608Metric",243.619378,35.423730,90.000000,bottom
"C1","2.2uF","C_0603_1608Metric",173.950668,273.825029,90.000000,bottom
"C1","2.2uF","C_0603_1608Metric",33.619378,155.423730,90.000000,bottom
"C2","2.2uF","C_0603_1608Metric",239.519378,215.423730,90.000000,bottom
"C2","2.2uF","C_0603_1608Metric",169.519378,35.423730,90.000000,bottom
"C2","2.2uF","C_0603_1608Metric",29.519378,35.423730,90.000000,bottom
"C2","2.2uF","C_0603_1608Metric",99.850668,273.825029,90.000000,bottom
"C2","2.2uF","C_0603_1608Metric",169.850668,273.825029,90.000000,bottom
"C2","2.2uF","C_0603_1608Metric",99.519378,95.423730,90.000000,bottom
"C2","2.2uF","C_0603_1608Metric",99.519378,35.423730,90.000000,bottom
"C2","2.2uF","C_0603_1608Metric",239.850668,273.825029,90.000000,bottom
"C2","2.2uF","C_0603_1608Metric",239.519378,95.423730,90.000000,bottom
"C2","2.2uF","C_0603_1608Metric",99.519378,215.423730,90.000000,bottom
"C2","2.2uF","C_0603_1608Metric",169.519378,95.423730,90.000000,bottom
"C2","2.2uF","C_0603_1608Metric",169.519378,155.423730,90.000000,bottom
"C2","2.2uF","C_0603_1608Metric",29.519378,215.423730,90.000000,bottom
"C2","2.2uF","C_0603_1608Metric",169.519378,215.423730,90.000000,bottom
"C2","2.2uF","C_0603_1608Metric",239.519378,155.423730,90.000000,bottom
"C2","2.2uF","C_0603_1608Metric",239.519378,35.423730,90.000000,bottom
"C2","2.2uF","C_0603_1608Metric",99.519378,155.423730,90.000000,bottom
"C2","2.2uF","C_0603_1608Metric",29.519378,155.423730,90.000000,bottom
"C2","2.2uF","C_0603_1608Metric",29.519378,95.423730,90.000000,bottom
"C2","2.2uF","C_0603_1608Metric",29.850668,273.825029,90.000000,bottom
"C3","2.2uF","C_0603_1608Metric",27.719378,155.423730,90.000000,bottom
"C3","2.2uF","C_0603_1608Metric",167.719378,35.423730,90.000000,bottom
"C3","2.2uF","C_0603_1608Metric",97.719378,215.423730,90.000000,bottom
"C3","2.2uF","C_0603_1608Metric",167.719378,155.423730,90.000000,bottom
"C3","2.2uF","C_0603_1608Metric",97.719378,35.423730,90.000000,bottom
"C3","2.2uF","C_0603_1608Metric",97.719378,95.423730,90.000000,bottom
"C3","2.2uF","C_0603_1608Metric",167.719378,215.423730,90.000000,bottom
"C3","2.2uF","C_0603_1608Metric",238.050668,273.825029,90.000000,bottom
"C3","2.2uF","C_0603_1608Metric",237.719378,95.423730,90.000000,bottom
"C3","2.2uF","C_0603_1608Metric",237.719378,35.423730,90.000000,bottom
"C3","2.2uF","C_0603_1608Metric",27.719378,215.423730,90.000000,bottom
"C3","2.2uF","C_0603_1608Metric",98.050668,273.825029,90.000000,bottom
"C3","2.2uF","C_0603_1608Metric",27.719378,35.423730,90.000000,bottom
"C3","2.2uF","C_0603_1608Metric",168.050668,273.825029,90.000000,bottom
"C3","2.2uF","C_0603_1608Metric",28.050668,273.825029,90.000000,bottom
"C3","2.2uF","C_0603_1608Metric",97.719378,155.423730,90.000000,bottom
"C3","2.2uF","C_0603_1608Metric",237.719378,215.423730,90.000000,bottom
"C3","2.2uF","C_0603_1608Metric",27.719378,95.423730,90.000000,bottom
"C3","2.2uF","C_0603_1608Metric",237.719378,155.423730,90.000000,bottom
"C3","2.2uF","C_0603_1608Metric",167.719378,95.423730,90.000000,bottom
"C4","10uF","C_0603_1608Metric",110.793128,88.923730,-90.000000,bottom
"C4","10uF","C_0603_1608Metric",180.793128,28.923730,-90.000000,bottom
"C4","10uF","C_0603_1608Metric",251.124418,267.325029,-90.000000,bottom
"C4","10uF","C_0603_1608Metric",110.793128,208.923730,-90.000000,bottom
"C4","10uF","C_0603_1608Metric",110.793128,148.923730,-90.000000,bottom
"C4","10uF","C_0603_1608Metric",41.124418,267.325029,-90.000000,bottom
"C4","10uF","C_0603_1608Metric",40.793128,28.923730,-90.000000,bottom
"C4","10uF","C_0603_1608Metric",40.793128,208.923730,-90.000000,bottom
"C4","10uF","C_0603_1608Metric",40.793128,148.923730,-90.000000,bottom
"C4","10uF","C_0603_1608Metric",181.124418,267.325029,-90.000000,bottom
"C4","10uF","C_0603_1608Metric",110.793128,28.923730,-90.000000,bottom
"C4","10uF","C_0603_1608Metric",180.793128,148.923730,-90.000000,bottom
"C4","10uF","C_0603_1608Metric",111.124418,267.325029,-90.000000,bottom
"C4","10uF","C_0603_1608Metric",40.793128,88.923730,-90.000000,bottom
"C4","10uF","C_0603_1608Metric",250.793128,148.923730,-90.000000,bottom
"C4","10uF","C_0603_1608Metric",250.793128,88.923730,-90.000000,bottom
"C4","10uF","C_0603_1608Metric",250.793128,208.923730,-90.000000,bottom
"C4","10uF","C_0603_1608Metric",180.793128,208.923730,-90.000000,bottom
"C4","10uF","C_0603_1608Metric",180.793128,88.923730,-90.000000,bottom
"C4","10uF","C_0603_1608Metric",250.793128,28.923730,-90.000000,bottom
"C5","10uF","C_0603_1608Metric",182.784418,267.295029,-90.000000,bottom
"C5","10uF","C_0603_1608Metric",42.453128,148.893730,-90.000000,bottom
"C5","10uF","C_0603_1608Metric",112.453128,208.893730,-90.000000,bottom
"C5","10uF","C_0603_1608Metric",252.453128,88.893730,-90.000000,bottom
"C5","10uF","C_0603_1608Metric",252.784418,267.295029,-90.000000,bottom
"C5","10uF","C_0603_1608Metric",42.453128,208.893730,-90.000000,bottom
"C5","10uF","C_0603_1608Metric",112.453128,88.893730,-90.000000,bottom
"C5","10uF","C_0603_1608Metric",182.453128,88.893730,-90.000000,bottom
"C5","10uF","C_0603_1608Metric",112.453128,28.893730,-90.000000,bottom
"C5","10uF","C_0603_1608Metric",42.784418,267.295029,-90.000000,bottom
"C5","10uF","C_0603_1608Metric",182.453128,28.893730,-90.000000,bottom
"C5","10uF","C_0603_1608Metric",112.453128,148.893730,-90.000000,bottom
"C5","10uF","C_0603_1608Metric",182.453128,148.893730,-90.000000,bottom
"C5","10uF","C_0603_1608Metric",42.453128,28.893730,-90.000000,bottom
"C5","10uF","C_0603_1608Metric",182.453128,208.893730,-90.000000,bottom
"C5","10uF","C_0603_1608Metric",252.453128,148.893730,-90.000000,bottom
"C5","10uF","C_0603_1608Metric",112.784418,267.295029,-90.000000,bottom
"C5","10uF","C_0603_1608Metric",252.453128,28.893730,-90.000000,bottom
"C5","10uF","C_0603_1608Metric",42.453128,88.893730,-90.000000,bottom
"C5","10uF","C_0603_1608Metric",252.453128,208.893730,-90.000000,bottom
"C6","10uF","C_0603_1608Metric",174.919378,30.723730,-90.000000,bottom
"C6","10uF","C_0603_1608Metric",104.919378,90.723730,-90.000000,bottom
"C6","10uF","C_0603_1608Metric",174.919378,150.723730,-90.000000,bottom
"C6","10uF","C_0603_1608Metric",244.919378,150.723730,-90.000000,bottom
"C6","10uF","C_0603_1608Metric",104.919378,30.723730,-90.000000,bottom
"C6","10uF","C_0603_1608Metric",244.919378,30.723730,-90.000000,bottom
"C6","10uF","C_0603_1608Metric",34.919378,150.723730,-90.000000,bottom
"C6","10uF","C_0603_1608Metric",34.919378,90.723730,-90.000000,bottom
"C6","10uF","C_0603_1608Metric",104.919378,150.723730,-90.000000,bottom
"C6","10uF","C_0603_1608Metric",174.919378,210.723730,-90.000000,bottom
"C6","10uF","C_0603_1608Metric",244.919378,210.723730,-90.000000,bottom
"C6","10uF","C_0603_1608Metric",244.919378,90.723730,-90.000000,bottom
"C6","10uF","C_0603_1608Metric",34.919378,210.723730,-90.000000,bottom
"C6","10uF","C_0603_1608Metric",104.919378,210.723730,-90.000000,bottom
"C6","10uF","C_0603_1608Metric",245.250668,269.125029,-90.000000,bottom
"C6","10uF","C_0603_1608Metric",175.250668,269.125029,-90.000000,bottom
"C6","10uF","C_0603_1608Metric",34.919378,30.723730,-90.000000,bottom
"C6","10uF","C_0603_1608Metric",105.250668,269.125029,-90.000000,bottom
"C6","10uF","C_0603_1608Metric",35.250668,269.125029,-90.000000,bottom
"C6","10uF","C_0603_1608Metric",174.919378,90.723730,-90.000000,bottom
"C7","1uF","C_0603_1608Metric",32.150668,268.325029,-90.000000,bottom
"C7","1uF","C_0603_1608Metric",241.819378,209.923730,-90.000000,bottom
"C7","1uF","C_0603_1608Metric",171.819378,29.923730,-90.000000,bottom
"C7","1uF","C_0603_1608Metric",31.819378,29.923730,-90.000000,bottom
"C7","1uF","C_0603_1608Metric",101.819378,29.923730,-90.000000,bottom
"C7","1uF","C_0603_1608Metric",102.150668,268.325029,-90.000000,bottom
"C7","1uF","C_0603_1608Metric",241.819378,149.923730,-90.000000,bottom
"C7","1uF","C_0603_1608Metric",241.819378,29.923730,-90.000000,bottom
"C7","1uF","C_0603_1608Metric",172.150668,268.325029,-90.000000,bottom
"C7","1uF","C_0603_1608Metric",101.819378,89.923730,-90.000000,bottom
"C7","1uF","C_0603_1608Metric",31.819378,89.923730,-90.000000,bottom
"C7","1uF","C_0603_1608Metric",101.819378,209.923730,-90.000000,bottom
"C7","1uF","C_0603_1608Metric",241.819378,89.923730,-90.000000,bottom
"C7","1uF","C_0603_1608Metric",31.819378,149.923730,-90.000000,bottom
"C7","1uF","C_0603_1608Metric",242.150668,268.325029,-90.000000,bottom
"C7","1uF","C_0603_1608Metric",101.819378,149.923730,-90.000000,bottom
"C7","1uF","C_0603_1608Metric",171.819378,149.923730,-90.000000,bottom
"C7","1uF","C_0603_1608Metric",31.819378,209.923730,-90.000000,bottom
"C7","1uF","C_0603_1608Metric",171.819378,89.923730,-90.000000,bottom
"C7","1uF","C_0603_1608Metric",171.819378,209.923730,-90.000000,bottom
"D1","XZVG45WT-9","SUNLED_PLCC2-INV",113.739378,154.163730,-90.000000,bottom
"D1","XZVG45WT-9","SUNLED_PLCC2-INV",253.739378,214.163730,-90.000000,bottom
"D1","XZVG45WT-9","SUNLED_PLCC2-INV",183.739378,214.163730,-90.000000,bottom
"D1","XZVG45WT-9","SUNLED_PLCC2-INV",183.739378,154.163730,-90.000000,bottom
"D1","XZVG45WT-9","SUNLED_PLCC2-INV",183.739378,94.163730,-90.000000,bottom
"D1","XZVG45WT-9","SUNLED_PLCC2-INV",183.739378,34.163730,-90.000000,bottom
"D1","XZVG45WT-9","SUNLED_PLCC2-INV",253.739378,154.163730,-90.000000,bottom
"D1","XZVG45WT-9","SUNLED_PLCC2-INV",43.739378,154.163730,-90.000000,bottom
"D1","XZVG45WT-9","SUNLED_PLCC2-INV",43.739378,214.163730,-90.000000,bottom
"D1","XZVG45WT-9","SUNLED_PLCC2-INV",43.739378,94.163730,-90.000000,bottom
"D1","XZVG45WT-9","SUNLED_PLCC2-INV",44.070668,272.565029,-90.000000,bottom
"D1","XZVG45WT-9","SUNLED_PLCC2-INV",114.070668,272.565029,-90.000000,bottom
"D1","XZVG45WT-9","SUNLED_PLCC2-INV",113.739378,94.163730,-90.000000,bottom
"D1","XZVG45WT-9","SUNLED_PLCC2-INV",253.739378,34.163730,-90.000000,bottom
"D1","XZVG45WT-9","SUNLED_PLCC2-INV",253.739378,94.163730,-90.000000,bottom
"D1","XZVG45WT-9","SUNLED_PLCC2-INV",254.070668,272.565029,-90.000000,bottom
"D1","XZVG45WT-9","SUNLED_PLCC2-INV",113.739378,34.163730,-90.000000,bottom
"D1","XZVG45WT-9","SUNLED_PLCC2-INV",113.739378,214.163730,-90.000000,bottom
"D1","XZVG45WT-9","SUNLED_PLCC2-INV",184.070668,272.565029,-90.000000,bottom
"D1","XZVG45WT-9","SUNLED_PLCC2-INV",43.739378,34.163730,-90.000000,bottom
"L1","DFE252012P-2R2M=P2","L_1008_2520Metric",248.429378,85.233730,180.000000,bottom
"L1","DFE252012P-2R2M=P2","L_1008_2520Metric",38.429378,205.233730,180.000000,bottom
"L1","DFE252012P-2R2M=P2","L_1008_2520Metric",108.429378,205.233730,180.000000,bottom
"L1","DFE252012P-2R2M=P2","L_1008_2520Metric",178.429378,145.233730,180.000000,bottom
"L1","DFE252012P-2R2M=P2","L_1008_2520Metric",248.429378,205.233730,180.000000,bottom
"L1","DFE252012P-2R2M=P2","L_1008_2520Metric",38.429378,25.233730,180.000000,bottom
"L1","DFE252012P-2R2M=P2","L_1008_2520Metric",178.429378,85.233730,180.000000,bottom
"L1","DFE252012P-2R2M=P2","L_1008_2520Metric",248.429378,145.233730,180.000000,bottom
"L1","DFE252012P-2R2M=P2","L_1008_2520Metric",248.429378,25.233730,180.000000,bottom
"L1","DFE252012P-2R2M=P2","L_1008_2520Metric",178.429378,205.233730,180.000000,bottom
"L1","DFE252012P-2R2M=P2","L_1008_2520Metric",38.429378,145.233730,180.000000,bottom
"L1","DFE252012P-2R2M=P2","L_1008_2520Metric",108.429378,145.233730,180.000000,bottom
"L1","DFE252012P-2R2M=P2","L_1008_2520Metric",178.429378,25.233730,180.000000,bottom
"L1","DFE252012P-2R2M=P2","L_1008_2520Metric",108.429378,25.233730,180.000000,bottom
"L1","DFE252012P-2R2M=P2","L_1008_2520Metric",248.760668,263.635029,180.000000,bottom
"L1","DFE252012P-2R2M=P2","L_1008_2520Metric",178.760668,263.635029,180.000000,bottom
"L1","DFE252012P-2R2M=P2","L_1008_2520Metric",108.429378,85.233730,180.000000,bottom
"L1","DFE252012P-2R2M=P2","L_1008_2520Metric",38.429378,85.233730,180.000000,bottom
"L1","DFE252012P-2R2M=P2","L_1008_2520Metric",108.760668,263.635029,180.000000,bottom
"L1","DFE252012P-2R2M=P2","L_1008_2520Metric",38.760668,263.635029,180.000000,bottom
"Q1","BC847BS","SOT-363_SC-70-6",165.850668,269.725029,-90.000000,bottom
"Q1","BC847BS","SOT-363_SC-70-6",95.519378,151.323730,-90.000000,bottom
"Q1","BC847BS","SOT-363_SC-70-6",95.850668,269.725029,-90.000000,bottom
"Q1","BC847BS","SOT-363_SC-70-6",165.519378,31.323730,-90.000000,bottom
"Q1","BC847BS","SOT-363_SC-70-6",25.519378,31.323730,-90.000000,bottom
"Q1","BC847BS","SOT-363_SC-70-6",235.519378,211.323730,-90.000000,bottom
"Q1","BC847BS","SOT-363_SC-70-6",25.519378,151.323730,-90.000000,bottom
"Q1","BC847BS","SOT-363_SC-70-6",165.519378,91.323730,-90.000000,bottom
"Q1","BC847BS","SOT-363_SC-70-6",235.850668,269.725029,-90.000000,bottom
"Q1","BC847BS","SOT-363_SC-70-6",95.519378,31.323730,-90.000000,bottom
"Q1","BC847BS","SOT-363_SC-70-6",165.519378,211.323730,-90.000000,bottom
"Q1","BC847BS","SOT-363_SC-70-6",95.519378,91.323730,-90.000000,bottom
"Q1","BC847BS","SOT-363_SC-70-6",165.519378,151.323730,-90.000000,bottom
"Q1","BC847BS","SOT-363_SC-70-6",25.519378,211.323730,-90.000000,bottom
"Q1","BC847BS","SOT-363_SC-70-6",235.519378,91.323730,-90.000000,bottom
"Q1","BC847BS","SOT-363_SC-70-6",25.519378,91.323730,-90.000000,bottom
"Q1","BC847BS","SOT-363_SC-70-6",235.519378,151.323730,-90.000000,bottom
"Q1","BC847BS","SOT-363_SC-70-6",25.850668,269.725029,-90.000000,bottom
"Q1","BC847BS","SOT-363_SC-70-6",235.519378,31.323730,-90.000000,bottom
"Q1","BC847BS","SOT-363_SC-70-6",95.519378,211.323730,-90.000000,bottom
"Q2","NX6008NBKW","SOT-323_SC-70",39.850668,274.025029,0.000000,bottom
"Q2","NX6008NBKW","SOT-323_SC-70",179.850668,274.025029,0.000000,bottom
"Q2","NX6008NBKW","SOT-323_SC-70",179.519378,35.623730,0.000000,bottom
"Q2","NX6008NBKW","SOT-323_SC-70",39.519378,95.623730,0.000000,bottom
"Q2","NX6008NBKW","SOT-323_SC-70",249.519378,95.623730,0.000000,bottom
"Q2","NX6008NBKW","SOT-323_SC-70",249.519378,35.623730,0.000000,bottom
"Q2","NX6008NBKW","SOT-323_SC-70",39.519378,155.623730,0.000000,bottom
"Q2","NX6008NBKW","SOT-323_SC-70",109.519378,35.623730,0.000000,bottom
"Q2","NX6008NBKW","SOT-323_SC-70",39.519378,215.623730,0.000000,bottom
"Q2","NX6008NBKW","SOT-323_SC-70",39.519378,35.623730,0.000000,bottom
"Q2","NX6008NBKW","SOT-323_SC-70",109.519378,215.623730,0.000000,bottom
"Q2","NX6008NBKW","SOT-323_SC-70",179.519378,215.623730,0.000000,bottom
"Q2","NX6008NBKW","SOT-323_SC-70",109.519378,155.623730,0.000000,bottom
"Q2","NX6008NBKW","SOT-323_SC-70",249.850668,274.025029,0.000000,bottom
"Q2","NX6008NBKW","SOT-323_SC-70",179.519378,95.623730,0.000000,bottom
"Q2","NX6008NBKW","SOT-323_SC-70",109.850668,274.025029,0.000000,bottom
"Q2","NX6008NBKW","SOT-323_SC-70",249.519378,155.623730,0.000000,bottom
"Q2","NX6008NBKW","SOT-323_SC-70",109.519378,95.623730,0.000000,bottom
"Q2","NX6008NBKW","SOT-323_SC-70",179.519378,155.623730,0.000000,bottom
"Q2","NX6008NBKW","SOT-323_SC-70",249.519378,215.623730,0.000000,bottom
"R1","22k","R_0402_1005Metric",173.750668,270.625029,90.000000,bottom
"R1","22k","R_0402_1005Metric",243.419378,32.223730,90.000000,bottom
"R1","22k","R_0402_1005Metric",33.419378,32.223730,90.000000,bottom
"R1","22k","R_0402_1005Metric",173.419378,32.223730,90.000000,bottom
"R1","22k","R_0402_1005Metric",243.750668,270.625029,90.000000,bottom
"R1","22k","R_0402_1005Metric",173.419378,92.223730,90.000000,bottom
"R1","22k","R_0402_1005Metric",103.419378,32.223730,90.000000,bottom
"R1","22k","R_0402_1005Metric",103.419378,152.223730,90.000000,bottom
"R1","22k","R_0402_1005Metric",33.419378,152.223730,90.000000,bottom
"R1","22k","R_0402_1005Metric",33.419378,212.223730,90.000000,bottom
"R1","22k","R_0402_1005Metric",243.419378,92.223730,90.000000,bottom
"R1","22k","R_0402_1005Metric",243.419378,212.223730,90.000000,bottom
"R1","22k","R_0402_1005Metric",103.750668,270.625029,90.000000,bottom
"R1","22k","R_0402_1005Metric",33.419378,92.223730,90.000000,bottom
"R1","22k","R_0402_1005Metric",173.419378,152.223730,90.000000,bottom
"R1","22k","R_0402_1005Metric",243.419378,152.223730,90.000000,bottom
"R1","22k","R_0402_1005Metric",103.419378,92.223730,90.000000,bottom
"R1","22k","R_0402_1005Metric",173.419378,212.223730,90.000000,bottom
"R1","22k","R_0402_1005Metric",103.419378,212.223730,90.000000,bottom
"R1","22k","R_0402_1005Metric",33.750668,270.625029,90.000000,bottom
"R2","22k","R_0402_1005Metric",242.219378,213.323730,90.000000,bottom
"R2","22k","R_0402_1005Metric",32.219378,153.323730,90.000000,bottom
"R2","22k","R_0402_1005Metric",102.219378,213.323730,90.000000,bottom
"R2","22k","R_0402_1005Metric",242.219378,153.323730,90.000000,bottom
"R2","22k","R_0402_1005Metric",242.219378,93.323730,90.000000,bottom
"R2","22k","R_0402_1005Metric",172.219378,213.323730,90.000000,bottom
"R2","22k","R_0402_1005Metric",172.219378,153.323730,90.000000,bottom
"R2","22k","R_0402_1005Metric",172.550668,271.725029,90.000000,bottom
"R2","22k","R_0402_1005Metric",32.219378,93.323730,90.000000,bottom
"R2","22k","R_0402_1005Metric",32.219378,33.323730,90.000000,bottom
"R2","22k","R_0402_1005Metric",32.219378,213.323730,90.000000,bottom
"R2","22k","R_0402_1005Metric",102.219378,33.323730,90.000000,bottom
"R2","22k","R_0402_1005Metric",242.550668,271.725029,90.000000,bottom
"R2","22k","R_0402_1005Metric",172.219378,33.323730,90.000000,bottom
"R2","22k","R_0402_1005Metric",102.219378,153.323730,90.000000,bottom
"R2","22k","R_0402_1005Metric",32.550668,271.725029,90.000000,bottom
"R2","22k","R_0402_1005Metric",102.219378,93.323730,90.000000,bottom
"R2","22k","R_0402_1005Metric",242.219378,33.323730,90.000000,bottom
"R2","22k","R_0402_1005Metric",172.219378,93.323730,90.000000,bottom
"R2","22k","R_0402_1005Metric",102.550668,271.725029,90.000000,bottom
"R3","47k","R_0402_1005Metric",171.719378,215.373730,180.000000,bottom
"R3","47k","R_0402_1005Metric",101.719378,215.373730,180.000000,bottom
"R3","47k","R_0402_1005Metric",101.719378,155.373730,180.000000,bottom
"R3","47k","R_0402_1005Metric",242.050668,273.775029,180.000000,bottom
"R3","47k","R_0402_1005Metric",241.719378,155.373730,180.000000,bottom
"R3","47k","R_0402_1005Metric",172.050668,273.775029,180.000000,bottom
"R3","47k","R_0402_1005Metric",171.719378,35.373730,180.000000,bottom
"R3","47k","R_0402_1005Metric",101.719378,35.373730,180.000000,bottom
"R3","47k","R_0402_1005Metric",241.719378,35.373730,180.000000,bottom
"R3","47k","R_0402_1005Metric",102.050668,273.775029,180.000000,bottom
"R3","47k","R_0402_1005Metric",31.719378,35.373730,180.000000,bottom
"R3","47k","R_0402_1005Metric",31.719378,95.373730,180.000000,bottom
"R3","47k","R_0402_1005Metric",31.719378,215.373730,180.000000,bottom
"R3","47k","R_0402_1005Metric",171.719378,95.373730,180.000000,bottom
"R3","47k","R_0402_1005Metric",31.719378,155.373730,180.000000,bottom
"R3","47k","R_0402_1005Metric",241.719378,95.373730,180.000000,bottom
"R3","47k","R_0402_1005Metric",171.719378,155.373730,180.000000,bottom
"R3","47k","R_0402_1005Metric",241.719378,215.373730,180.000000,bottom
"R3","47k","R_0402_1005Metric",101.719378,95.373730,180.000000,bottom
"R3","47k","R_0402_1005Metric",32.050668,273.775029,180.000000,bottom
"R4","47k","R_0402_1005Metric",240.350668,271.525029,180.000000,bottom
"R4","47k","R_0402_1005Metric",100.019378,33.123730,180.000000,bottom
"R4","47k","R_0402_1005Metric",240.019378,93.123730,180.000000,bottom
"R4","47k","R_0402_1005Metric",30.019378,93.123730,180.000000,bottom
"R4","47k","R_0402_1005Metric",240.019378,33.123730,180.000000,bottom
"R4","47k","R_0402_1005Metric",170.350668,271.525029,180.000000,bottom
"R4","47k","R_0402_1005Metric",100.350668,271.525029,180.000000,bottom
"R4","47k","R_0402_1005Metric",240.019378,213.123730,180.000000,bottom
"R4","47k","R_0402_1005Metric",170.019378,93.123730,180.000000,bottom
"R4","47k","R_0402_1005Metric",100.019378,213.123730,180.000000,bottom
"R4","47k","R_0402_1005Metric",100.019378,93.123730,180.000000,bottom
"R4","47k","R_0402_1005Metric",100.019378,153.123730,180.000000,bottom
"R4","47k","R_0402_1005Metric",30.350668,271.525029,180.000000,bottom
"R4","47k","R_0402_1005Metric",30.019378,33.123730,180.000000,bottom
"R4","47k","R_0402_1005Metric",170.019378,33.123730,180.000000,bottom
"R4","47k","R_0402_1005Metric",240.019378,153.123730,180.000000,bottom
"R4","47k","R_0402_1005Metric",30.019378,153.123730,180.000000,bottom
"R4","47k","R_0402_1005Metric",30.019378,213.123730,180.000000,bottom
"R4","47k","R_0402_1005Metric",170.019378,153.123730,180.000000,bottom
"R4","47k","R_0402_1005Metric",170.019378,213.123730,180.000000,bottom
"R5","100k","R_0402_1005Metric",100.219378,91.023730,90.000000,bottom
"R5","100k","R_0402_1005Metric",240.219378,211.023730,90.000000,bottom
"R5","100k","R_0402_1005Metric",240.550668,269.425029,90.000000,bottom
"R5","100k","R_0402_1005Metric",100.219378,31.023730,90.000000,bottom
"R5","100k","R_0402_1005Metric",240.219378,91.023730,90.000000,bottom
"R5","100k","R_0402_1005Metric",170.219378,151.023730,90.000000,bottom
"R5","100k","R_0402_1005Metric",30.219378,211.023730,90.000000,bottom
"R5","100k","R_0402_1005Metric",100.219378,211.023730,90.000000,bottom
"R5","100k","R_0402_1005Metric",100.219378,151.023730,90.000000,bottom
"R5","100k","R_0402_1005Metric",30.219378,31.023730,90.000000,bottom
"R5","100k","R_0402_1005Metric",240.219378,31.023730,90.000000,bottom
"R5","100k","R_0402_1005Metric",170.550668,269.425029,90.000000,bottom
"R5","100k","R_0402_1005Metric",240.219378,151.023730,90.000000,bottom
"R5","100k","R_0402_1005Metric",100.550668,269.425029,90.000000,bottom
"R5","100k","R_0402_1005Metric",30.219378,151.023730,90.000000,bottom
"R5","100k","R_0402_1005Metric",170.219378,211.023730,90.000000,bottom
"R5","100k","R_0402_1005Metric",30.550668,269.425029,90.000000,bottom
"R5","100k","R_0402_1005Metric",170.219378,31.023730,90.000000,bottom
"R5","100k","R_0402_1005Metric",30.219378,91.023730,90.000000,bottom
"R5","100k","R_0402_1005Metric",170.219378,91.023730,90.000000,bottom
"R6","100k","R_0402_1005Metric",238.350668,271.525029,0.000000,bottom
"R6","100k","R_0402_1005Metric",28.019378,213.123730,0.000000,bottom
"R6","100k","R_0402_1005Metric",28.019378,153.123730,0.000000,bottom
"R6","100k","R_0402_1005Metric",98.019378,153.123730,0.000000,bottom
"R6","100k","R_0402_1005Metric",98.350668,271.525029,0.000000,bottom
"R6","100k","R_0402_1005Metric",238.019378,93.123730,0.000000,bottom
"R6","100k","R_0402_1005Metric",98.019378,33.123730,0.000000,bottom
"R6","100k","R_0402_1005Metric",168.019378,33.123730,0.000000,bottom
"R6","100k","R_0402_1005Metric",28.350668,271.525029,0.000000,bottom
"R6","100k","R_0402_1005Metric",168.019378,153.123730,0.000000,bottom
"R6","100k","R_0402_1005Metric",98.019378,93.123730,0.000000,bottom
"R6","100k","R_0402_1005Metric",28.019378,33.123730,0.000000,bottom
"R6","100k","R_0402_1005Metric",168.350668,271.525029,0.000000,bottom
"R6","100k","R_0402_1005Metric",98.019378,213.123730,0.000000,bottom
"R6","100k","R_0402_1005Metric",238.019378,153.123730,0.000000,bottom
"R6","100k","R_0402_1005Metric",238.019378,33.123730,0.000000,bottom
"R6","100k","R_0402_1005Metric",28.019378,93.123730,0.000000,bottom
"R6","100k","R_0402_1005Metric",168.019378,93.123730,0.000000,bottom
"R6","100k","R_0402_1005Metric",238.019378,213.123730,0.000000,bottom
"R6","100k","R_0402_1005Metric",168.019378,213.123730,0.000000,bottom
"R7","470","R_0603_1608Metric",254.119378,208.923730,-90.000000,bottom
"R7","470","R_0603_1608Metric",44.119378,208.923730,-90.000000,bottom
"R7","470","R_0603_1608Metric",184.119378,148.923730,-90.000000,bottom
"R7","470","R_0603_1608Metric",114.119378,208.923730,-90.000000,bottom
"R7","470","R_0603_1608Metric",114.119378,88.923730,-90.000000,bottom
"R7","470","R_0603_1608Metric",184.450668,267.325029,-90.000000,bottom
"R7","470","R_0603_1608Metric",44.450668,267.325029,-90.000000,bottom
"R7","470","R_0603_1608Metric",254.450668,267.325029,-90.000000,bottom
"R7","470","R_0603_1608Metric",114.450668,267.325029,-90.000000,bottom
"R7","470","R_0603_1608Metric",254.119378,28.923730,-90.000000,bottom
"R7","470","R_0603_1608Metric",254.119378,148.923730,-90.000000,bottom
"R7","470","R_0603_1608Metric",44.119378,28.923730,-90.000000,bottom
"R7","470","R_0603_1608Metric",114.119378,28.923730,-90.000000,bottom
"R7","470","R_0603_1608Metric",184.119378,88.923730,-90.000000,bottom
"R7","470","R_0603_1608Metric",254.119378,88.923730,-90.000000,bottom
"R7","470","R_0603_1608Metric",44.119378,148.923730,-90.000000,bottom
"R7","470","R_0603_1608Metric",44.119378,88.923730,-90.000000,bottom
"R7","470","R_0603_1608Metric",114.119378,148.923730,-90.000000,bottom
"R7","470","R_0603_1608Metric",184.119378,208.923730,-90.000000,bottom
"R7","470","R_0603_1608Metric",184.119378,28.923730,-90.000000,bottom
"R8","47k","R_0402_1005Metric",92.619378,150.123730,90.000000,bottom
"R8","47k","R_0402_1005Metric",162.619378,30.123730,90.000000,bottom
"R8","47k","R_0402_1005Metric",92.619378,210.123730,90.000000,bottom
"R8","47k","R_0402_1005Metric",92.619378,30.123730,90.000000,bottom
"R8","47k","R_0402_1005Metric",232.619378,210.123730,90.000000,bottom
"R8","47k","R_0402_1005Metric",232.619378,30.123730,90.000000,bottom
"R8","47k","R_0402_1005Metric",22.619378,150.123730,90.000000,bottom
"R8","47k","R_0402_1005Metric",162.619378,150.123730,90.000000,bottom
"R8","47k","R_0402_1005Metric",22.619378,30.123730,90.000000,bottom
"R8","47k","R_0402_1005Metric",232.950668,268.525029,90.000000,bottom
"R8","47k","R_0402_1005Metric",162.619378,210.123730,90.000000,bottom
"R8","47k","R_0402_1005Metric",162.619378,90.123730,90.000000,bottom
"R8","47k","R_0402_1005Metric",22.619378,210.123730,90.000000,bottom
"R8","47k","R_0402_1005Metric",22.950668,268.525029,90.000000,bottom
"R8","47k","R_0402_1005Metric",232.619378,90.123730,90.000000,bottom
"R8","47k","R_0402_1005Metric",232.619378,150.123730,90.000000,bottom
"R8","47k","R_0402_1005Metric",22.619378,90.123730,90.000000,bottom
"R8","47k","R_0402_1005Metric",162.950668,268.525029,90.000000,bottom
"R8","47k","R_0402_1005Metric",92.950668,268.525029,90.000000,bottom
"R8","47k","R_0402_1005Metric",92.619378,90.123730,90.000000,bottom
"R9","22k","R_0402_1005Metric",92.619378,88.123730,90.000000,bottom
"R9","22k","R_0402_1005Metric",92.619378,28.123730,90.000000,bottom
"R9","22k","R_0402_1005Metric",22.619378,28.123730,90.000000,bottom
"R9","22k","R_0402_1005Metric",22.950668,266.525029,90.000000,bottom
"R9","22k","R_0402_1005Metric",92.619378,208.123730,90.000000,bottom
"R9","22k","R_0402_1005Metric",162.619378,28.123730,90.000000,bottom
"R9","22k","R_0402_1005Metric",162.619378,148.123730,90.000000,bottom
"R9","22k","R_0402_1005Metric",22.619378,148.123730,90.000000,bottom
"R9","22k","R_0402_1005Metric",162.619378,208.123730,90.000000,bottom
"R9","22k","R_0402_1005Metric",162.950668,266.525029,90.000000,bottom
"R9","22k","R_0402_1005Metric",232.619378,208.123730,90.000000,bottom
"R9","22k","R_0402_1005Metric",232.619378,88.123730,90.000000,bottom
"R9","22k","R_0402_1005Metric",232.950668,266.525029,90.000000,bottom
"R9","22k","R_0402_1005Metric",232.619378,28.123730,90.000000,bottom
"R9","22k","R_0402_1005Metric",232.619378,148.123730,90.000000,bottom
"R9","22k","R_0402_1005Metric",162.619378,88.123730,90.000000,bottom
"R9","22k","R_0402_1005Metric",92.950668,266.525029,90.000000,bottom
"R9","22k","R_0402_1005Metric",22.619378,208.123730,90.000000,bottom
"R9","22k","R_0402_1005Metric",92.619378,148.123730,90.000000,bottom
"R9","22k","R_0402_1005Metric",22.619378,88.123730,90.000000,bottom
"RV1","TC33X-2-104E","BOURNS_TC33",96.119378,26.823730,90.000000,bottom
"RV1","TC33X-2-104E","BOURNS_TC33",96.119378,146.823730,90.000000,bottom
"RV1","TC33X-2-104E","BOURNS_TC33",166.119378,86.823730,90.000000,bottom
"RV1","TC33X-2-104E","BOURNS_TC33",26.119378,206.823730,90.000000,bottom
"RV1","TC33X-2-104E","BOURNS_TC33",236.119378,146.823730,90.000000,bottom
"RV1","TC33X-2-104E","BOURNS_TC33",166.119378,26.823730,90.000000,bottom
"RV1","TC33X-2-104E","BOURNS_TC33",166.119378,206.823730,90.000000,bottom
"RV1","TC33X-2-104E","BOURNS_TC33",96.450668,265.225029,90.000000,bottom
"RV1","TC33X-2-104E","BOURNS_TC33",236.119378,26.823730,90.000000,bottom
"RV1","TC33X-2-104E","BOURNS_TC33",26.119378,26.823730,90.000000,bottom
"RV1","TC33X-2-104E","BOURNS_TC33",166.450668,265.225029,90.000000,bottom
"RV1","TC33X-2-104E","BOURNS_TC33",96.119378,206.823730,90.000000,bottom
"RV1","TC33X-2-104E","BOURNS_TC33",236.450668,265.225029,90.000000,bottom
"RV1","TC33X-2-104E","BOURNS_TC33",236.119378,86.823730,90.000000,bottom
"RV1","TC33X-2-104E","BOURNS_TC33",26.119378,86.823730,90.000000,bottom
"RV1","TC33X-2-104E","BOURNS_TC33",26.119378,146.823730,90.000000,bottom
"RV1","TC33X-2-104E","BOURNS_TC33",236.119378,206.823730,90.000000,bottom
"RV1","TC33X-2-104E","BOURNS_TC33",96.119378,86.823730,90.000000,bottom
"RV1","TC33X-2-104E","BOURNS_TC33",166.119378,146.823730,90.000000,bottom
"RV1","TC33X-2-104E","BOURNS_TC33",26.450668,265.225029,90.000000,bottom
"SW1","SC-01KP","DEALON_DIP_SPSTx01_SC-01KP_W7.62mm_P1.27mm",116.889378,144.953730,180.000000,bottom
"SW1","SC-01KP","DEALON_DIP_SPSTx01_SC-01KP_W7.62mm_P1.27mm",257.220668,263.355029,180.000000,bottom
"SW1","SC-01KP","DEALON_DIP_SPSTx01_SC-01KP_W7.62mm_P1.27mm",256.889378,204.953730,180.000000,bottom
"SW1","SC-01KP","DEALON_DIP_SPSTx01_SC-01KP_W7.62mm_P1.27mm",186.889378,144.953730,180.000000,bottom
"SW1","SC-01KP","DEALON_DIP_SPSTx01_SC-01KP_W7.62mm_P1.27mm",186.889378,84.953730,180.000000,bottom
"SW1","SC-01KP","DEALON_DIP_SPSTx01_SC-01KP_W7.62mm_P1.27mm",187.220668,263.355029,180.000000,bottom
"SW1","SC-01KP","DEALON_DIP_SPSTx01_SC-01KP_W7.62mm_P1.27mm",256.889378,84.953730,180.000000,bottom
"SW1","SC-01KP","DEALON_DIP_SPSTx01_SC-01KP_W7.62mm_P1.27mm",46.889378,204.953730,180.000000,bottom
"SW1","SC-01KP","DEALON_DIP_SPSTx01_SC-01KP_W7.62mm_P1.27mm",116.889378,84.953730,180.000000,bottom
"SW1","SC-01KP","DEALON_DIP_SPSTx01_SC-01KP_W7.62mm_P1.27mm",46.889378,84.953730,180.000000,bottom
"SW1","SC-01KP","DEALON_DIP_SPSTx01_SC-01KP_W7.62mm_P1.27mm",116.889378,204.953730,180.000000,bottom
"SW1","SC-01KP","DEALON_DIP_SPSTx01_SC-01KP_W7.62mm_P1.27mm",117.220668,263.355029,180.000000,bottom
"SW1","SC-01KP","DEALON_DIP_SPSTx01_SC-01KP_W7.62mm_P1.27mm",46.889378,24.953730,180.000000,bottom
"SW1","SC-01KP","DEALON_DIP_SPSTx01_SC-01KP_W7.62mm_P1.27mm",256.889378,144.953730,180.000000,bottom
"SW1","SC-01KP","DEALON_DIP_SPSTx01_SC-01KP_W7.62mm_P1.27mm",256.889378,24.953730,180.000000,bottom
"SW1","SC-01KP","DEALON_DIP_SPSTx01_SC-01KP_W7.62mm_P1.27mm",186.889378,204.953730,180.000000,bottom
"SW1","SC-01KP","DEALON_DIP_SPSTx01_SC-01KP_W7.62mm_P1.27mm",46.889378,144.953730,180.000000,bottom
"SW1","SC-01KP","DEALON_DIP_SPSTx01_SC-01KP_W7.62mm_P1.27mm",116.889378,24.953730,180.000000,bottom
"SW1","SC-01KP","DEALON_DIP_SPSTx01_SC-01KP_W7.62mm_P1.27mm",186.889378,24.953730,180.000000,bottom
"SW1","SC-01KP","DEALON_DIP_SPSTx01_SC-01KP_W7.62mm_P1.27mm",47.220668,263.355029,180.000000,bottom
"U1","	
TPS613222ADBVR","SOT-23-5",37.863128,148.448730,0.000000,bottom
"U1","	
TPS613222ADBVR","SOT-23-5",248.194418,266.850029,0.000000,bottom
"U1","	
TPS613222ADBVR","SOT-23-5",108.194418,266.850029,0.000000,bottom
"U1","	
TPS613222ADBVR","SOT-23-5",107.863128,208.448730,0.000000,bottom
"U1","	
TPS613222ADBVR","SOT-23-5",177.863128,148.448730,0.000000,bottom
"U1","	
TPS613222ADBVR","SOT-23-5",177.863128,208.448730,0.000000,bottom
"U1","	
TPS613222ADBVR","SOT-23-5",107.863128,148.448730,0.000000,bottom
"U1","	
TPS613222ADBVR","SOT-23-5",177.863128,28.448730,0.000000,bottom
"U1","	
TPS613222ADBVR","SOT-23-5",178.194418,266.850029,0.000000,bottom
"U1","	
TPS613222ADBVR","SOT-23-5",247.863128,28.448730,0.000000,bottom
"U1","	
TPS613222ADBVR","SOT-23-5",107.863128,88.448730,0.000000,bottom
"U1","	
TPS613222ADBVR","SOT-23-5",247.863128,88.448730,0.000000,bottom
"U1","	
TPS613222ADBVR","SOT-23-5",37.863128,208.448730,0.000000,bottom
"U1","	
TPS613222ADBVR","SOT-23-5",37.863128,28.448730,0.000000,bottom
"U1","	
TPS613222ADBVR","SOT-23-5",177.863128,88.448730,0.000000,bottom
"U1","	
TPS613222ADBVR","SOT-23-5",247.863128,208.448730,0.000000,bottom
"U1","	
TPS613222ADBVR","SOT-23-5",38.194418,266.850029,0.000000,bottom
"U1","	
TPS613222ADBVR","SOT-23-5",107.863128,28.448730,0.000000,bottom
"U1","	
TPS613222ADBVR","SOT-23-5",37.863128,88.448730,0.000000,bottom
"U1","	
TPS613222ADBVR","SOT-23-5",247.863128,148.448730,0.000000,bottom
